{
  "name": "miller-app",
  "version": "0.1.0",
  "private": true,
  "dependencies": {
    "@fortawesome/fontawesome-svg-core": "^6.4.2",
    "@fortawesome/free-solid-svg-icons": "^6.4.2",
    "@fortawesome/react-fontawesome": "^0.2.0",
    "@reduxjs/toolkit": "^2.2.1",
    "@sendgrid/mail": "^8.1.4",
    "@testing-library/jest-dom": "^5.17.0",
    "@testing-library/react": "^13.4.0",
    "@testing-library/user-event": "^13.5.0",
    "axios": "^1.5.0",
    "html-to-image": "^1.11.11",
    "html2canvas": "^1.4.1",
    "jspdf": "^2.5.2",
    "primeflex": "^3.3.1",
    "primeicons": "^6.0.1",
    "primereact": "^9.6.2",
    "react-dom": "^18.2.0",
    "react-hook-form": "^7.45.4",
    "react-redux": "^8.1.3",
    "react-router-dom": "^6.15.0",
    "react-scripts": "5.0.1",
    "web-vitals": "^2.1.4"
  },
  "scripts": {
    "dev": "react-scripts start",
    "start": "react-scripts start",
    "build": "react-scripts build",
    "test": "react-scripts test",
    "eject": "react-scripts eject",
    "heroku-postbuild": "npm run build"
  },
  "eslintConfig": {
    "extends": [
      "react-app",
      "react-app/jest"
    ]
  },
  "browserslist": {
    "production": [
      ">0.2%",
      "not dead",
      "not op_mini all"
    ],
    "development": [
      "last 1 chrome version",
      "last 1 firefox version",
      "last 1 safari version"
    ]
  }
}
